,0,1,2,3,4,5,6,7,8,9,10,11,12,13,14,15
0,8.35,8.37,8.77,8.44,9.01,9.22,9.07,10.18,10.12,10.29,9.29,9.58,10.9,10.66,10.41,11.1
1,6.25,6.35,6.01,5.82,6.7,8.29,8.97,9.34,9.28,10.52,9.68,9.3,9.89,9.89,10.66,10.82
2,6.99,7.09,6.63,5.3,5.38,5.27,5.96,7.76,9.01,9.6,9.4,9.58,8.01,9.72,8.18,8.73
3,6.79,6.09,5.58,5.33,5.46,5.39,6.62,7.02,7.6,7.69,6.87,6.57,6.25,6.26,5.51,6.87
4,3.32,2.96,5.56,6.15,6.72,6.63,5.79,7.76,7.81,7.78,7.61,6.85,6.41,5.78,5.47,4.75
5,6.08,5.43,5.58,5.29,5.1,6.06,5.82,6.86,7.39,6.83,7.48,6.75,7.09,7.07,6.81,6.95
6,4.23,4.4,5.34,4.67,4.97,4.93,4.79,6.53,6.04,5.94,6.11,6.03,6.83,5.85,5.81,5.73
7,5.48,5.79,5.47,5.46,5.88,6.0,6.42,6.27,7.24,7.72,9.38,9.77,9.07,8.37,8.32,7.96
8,7.17,7.31,6.24,7.46,5.96,5.66,6.84,8.43,8.88,9.74,8.45,6.4,6.07,5.16,6.98,8.54
9,3.88,2.65,3.85,3.73,4.42,8.13,10.16,13.27,13.65,11.93,11.07,8.07,5.67,7.12,8.06,9.34
10,2.65,2.6,3.19,2.97,4.12,3.3,4.27,5.14,5.44,6.12,6.46,6.2,5.43,5.68,4.48,3.72
11,6.0,6.0,6.0,6.0,6.98,5.42,5.63,5.19,5.02,4.85,4.06,4.52,5.01,5.92,5.82,5.07
12,3.11,2.75,2.58,3.04,2.87,2.71,3.88,3.75,4.06,4.07,4.08,3.97,3.89,4.37,4.73,5.06
13,6.0,6.0,4.69,4.0,3.91,3.09,4.16,4.0,4.8,4.98,4.81,5.07,4.55,4.51,4.05,3.57
14,4.33,4.23,3.99,3.65,3.12,3.48,3.82,4.47,4.78,4.96,4.89,4.03,4.84,5.06,5.29,4.82
15,4.77,4.11,4.12,3.64,3.25,3.74,3.84,3.84,3.41,3.54,4.32,4.0,4.27,4.72,4.34,3.66
16,4.83,4.31,4.38,4.19,4.01,4.93,4.67,5.33,5.37,4.72,5.58,4.74,4.48,5.69,5.14,4.79
17,4.79,4.37,3.94,2.76,3.55,2.95,2.4,3.0,2.69,3.52,3.82,4.0,3.85,3.53,2.89,2.42
18,6.0,6.0,6.0,6.0,6.0,6.0,5.07,4.32,4.38,3.51,3.85,3.77,3.15,4.27,4.39,4.13
19,2.77,2.17,4.28,4.37,4.0,4.49,3.65,3.96,3.55,4.15,4.5,4.07,4.96,5.37,4.54,5.37
20,4.79,4.78,6.12,6.08,5.84,5.34,6.1,5.82,6.26,5.5,4.89,4.08,5.3,5.14,3.62,5.46
21,7.12,6.5,5.42,5.39,5.29,5.95,5.58,6.08,5.97,6.38,6.75,6.93,6.37,5.82,5.52,5.35
22,6.0,6.0,6.0,6.0,6.0,6.0,6.0,6.0,6.0,8.17,6.96,6.36,6.84,5.59,5.52,5.84
23,3.88,3.68,3.18,3.11,3.83,3.54,3.39,4.6,4.92,5.07,4.97,4.68,4.6,4.87,5.47,5.94
24,3.8,3.55,3.96,3.67,2.84,3.0,2.04,2.7,3.92,3.65,4.11,3.12,3.21,3.45,3.04,3.98
25,6.0,6.0,5.95,6.87,5.41,4.89,5.04,4.26,4.43,4.22,5.63,4.51,3.7,3.78,3.25,3.15
26,6.0,6.0,6.0,6.0,6.0,6.0,6.0,6.0,6.0,6.0,6.0,6.0,5.18,5.36,4.81,4.31
27,6.0,6.47,6.34,5.6,5.06,5.06,4.65,4.8,5.39,4.21,4.31,4.21,3.77,3.84,4.12,3.82
28,4.65,4.6,3.48,3.33,3.99,4.33,5.66,5.21,4.86,5.23,6.04,6.59,6.03,6.28,4.57,4.13
29,6.0,6.0,6.0,6.0,6.0,6.0,6.0,6.0,6.0,6.0,6.0,6.0,6.0,6.0,4.71,3.69
30,6.0,6.0,6.0,6.0,6.0,6.0,6.0,6.0,6.0,6.0,6.0,6.0,5.51,5.88,5.51,4.42
31,8.24,8.56,8.48,7.39,8.45,8.86,9.49,10.2,10.91,10.89,10.64,11.51,11.55,11.89,10.83,10.5
32,6.29,7.56,8.07,7.44,7.71,7.41,8.19,8.79,9.28,9.19,8.22,8.9,8.13,8.29,8.46,7.93
33,7.29,6.97,7.3,6.33,6.64,6.95,8.11,8.87,9.68,10.62,10.93,10.49,10.29,10.21,8.49,8.2
34,7.03,6.87,7.72,5.91,6.98,7.5,7.63,8.08,8.48,9.28,8.76,8.71,10.25,10.42,12.1,11.96
35,4.62,6.25,6.0,5.09,5.04,4.34,5.48,5.65,6.25,6.61,6.52,7.29,7.75,7.69,10.44,8.4
36,3.69,4.01,4.43,3.85,3.97,4.37,5.19,6.08,6.28,5.97,6.51,6.21,6.77,6.31,5.05,5.31
37,4.95,4.38,5.07,4.1,5.73,5.64,6.05,6.49,4.93,5.84,6.22,6.88,8.29,8.82,8.34,9.44
38,5.39,3.91,4.88,4.72,4.7,5.14,5.79,7.46,6.82,6.42,6.6,6.01,6.85,7.62,7.27,7.71
39,8.33,5.79,5.18,4.83,4.42,5.49,7.47,6.62,8.82,8.87,9.0,10.21,8.87,8.88,6.99,6.78
40,12.09,10.72,8.34,8.42,8.21,6.83,8.21,8.25,9.04,9.37,7.84,8.67,8.36,10.53,10.28,10.0
41,3.86,4.94,4.1,4.46,5.84,5.21,6.28,5.93,6.67,6.69,6.93,6.48,6.79,5.62,5.93,5.89
42,3.53,4.9,4.77,4.28,4.14,3.51,3.76,4.21,3.65,3.79,4.01,3.93,5.24,6.01,5.92,5.91
43,4.57,5.72,5.54,5.1,4.88,3.31,3.52,4.75,5.6,5.85,6.12,5.7,5.65,5.46,5.55,5.21
44,6.3,5.66,4.99,4.06,4.1,6.1,6.38,7.55,7.92,7.66,6.24,5.56,6.19,7.18,7.34,7.39
45,6.0,6.0,6.0,6.0,6.0,6.0,4.63,4.9,4.24,4.98,5.08,4.07,4.86,4.44,5.01,5.37
46,5.59,5.53,6.86,5.64,5.1,5.41,5.03,4.76,5.01,5.55,7.16,8.08,8.07,6.88,6.14,5.95
47,4.21,4.14,4.67,4.18,3.4,3.55,2.7,3.1,3.2,3.37,4.27,4.53,4.25,3.91,4.12,3.81
48,5.5,5.63,6.08,6.16,6.05,6.79,6.03,6.93,6.71,7.23,7.3,6.39,6.86,5.78,7.32,6.7
49,4.17,4.28,4.75,5.14,4.57,4.72,4.66,4.1,4.26,4.62,4.81,4.72,5.33,4.29,4.03,3.89
50,6.0,6.0,6.0,6.0,6.0,6.0,6.0,4.83,5.09,4.49,4.61,5.42,5.11,4.53,5.12,4.71
51,6.12,6.59,6.78,6.29,6.08,4.51,4.69,5.62,4.88,5.29,5.36,4.51,5.85,6.02,6.98,7.42
52,4.17,3.47,2.96,3.48,4.17,3.63,3.74,2.99,3.36,3.81,4.25,4.93,6.91,6.11,6.41,5.47
53,4.01,4.38,4.31,4.85,4.29,3.94,4.43,4.45,4.4,4.45,4.15,3.84,5.02,4.9,5.17,5.8
54,6.0,6.0,6.0,6.0,6.0,6.0,5.35,4.65,4.28,3.87,2.88,3.25,3.85,4.55,5.34,5.07
55,7.29,7.97,7.12,6.77,7.01,5.96,5.64,5.02,6.37,7.71,6.34,6.48,4.54,4.19,4.74,3.58
56,6.0,6.0,6.0,6.0,6.0,6.0,6.0,6.0,6.0,6.0,6.0,5.42,4.21,3.58,4.11,3.82
57,6.0,6.0,6.0,6.0,6.0,6.0,6.0,6.0,6.0,6.0,6.0,6.0,6.0,5.27,5.67,5.44
58,6.0,6.0,6.0,6.0,6.0,5.11,3.67,3.39,2.62,2.24,1.98,2.61,3.18,2.59,2.68,2.21
59,6.0,6.0,6.0,6.0,6.0,6.0,6.0,6.0,5.02,5.25,4.42,3.21,4.02,3.73,3.63,4.12
60,6.0,6.0,6.0,6.0,6.0,6.0,6.0,6.0,6.0,6.0,6.0,6.0,6.0,6.0,5.11,3.88
61,6.0,6.0,6.0,6.0,6.0,6.0,6.0,6.0,6.0,6.0,6.0,6.0,6.0,5.35,3.82,2.79
62,8.22,8.6,8.02,8.68,9.22,8.81,9.86,9.08,9.89,10.63,11.17,10.44,10.02,10.25,9.71,10.61
63,5.54,5.83,6.16,5.83,6.84,7.18,7.89,8.65,8.78,9.26,8.21,8.8,8.68,8.79,8.46,7.82
64,7.22,7.46,7.24,5.82,6.91,6.7,9.25,10.01,9.77,9.59,8.48,7.62,8.05,8.36,10.22,9.74
65,8.31,6.96,6.78,6.64,7.99,7.7,8.27,9.88,8.3,10.3,10.07,9.1,9.72,9.17,7.98,6.27
66,6.5,5.63,5.81,6.28,7.14,7.72,7.46,7.52,7.14,6.41,7.37,5.97,6.47,7.76,6.54,7.76
67,4.95,5.87,6.1,5.62,6.24,6.67,6.51,7.74,7.41,7.86,8.08,9.12,7.57,7.08,6.57,6.05
68,2.83,4.49,4.88,4.75,5.25,5.14,6.26,7.75,7.03,7.32,6.17,5.71,5.22,6.05,5.54,4.82
69,5.71,6.5,6.09,5.77,5.41,6.44,5.47,6.67,7.39,6.86,7.82,5.81,5.76,7.17,7.15,8.47
70,4.82,5.24,5.74,5.33,5.69,5.17,5.16,6.55,5.95,7.02,7.23,6.58,6.04,5.51,4.9,4.58
71,4.52,5.73,5.11,5.64,5.96,5.89,6.88,7.93,7.82,7.0,5.47,5.74,4.91,4.85,5.82,4.17
72,6.2,6.85,6.76,6.85,6.36,5.83,5.72,4.69,4.7,5.14,6.18,5.9,6.88,7.2,7.09,6.72
73,4.26,4.24,5.28,5.26,5.16,4.68,6.03,6.59,5.24,7.13,6.13,5.24,5.07,5.1,4.3,5.71
74,6.0,4.9,5.46,4.71,3.74,4.65,4.2,5.42,5.86,5.45,5.68,5.1,5.08,4.35,4.02,4.07
75,4.31,3.54,3.86,4.72,5.14,6.31,7.03,7.1,7.55,6.86,7.01,7.48,6.91,7.59,6.51,5.77
76,4.03,3.61,3.39,3.6,3.6,3.83,4.38,5.1,5.87,5.86,6.03,5.27,3.92,4.0,3.35,3.37
77,4.39,3.91,3.72,3.96,3.46,3.06,4.42,4.4,5.13,5.63,5.42,5.69,6.06,5.25,5.67,5.3
78,6.74,5.0,5.79,5.66,6.15,6.99,6.29,6.54,6.66,6.19,5.23,4.71,5.21,5.78,6.46,7.37
79,4.39,5.31,5.56,6.71,7.47,7.43,8.69,10.96,9.43,8.27,10.37,9.03,9.31,9.95,7.83,8.21
80,2.68,3.72,4.81,3.92,3.74,3.26,2.51,3.51,4.04,4.0,6.11,7.79,7.0,7.49,6.79,5.77
81,6.0,6.0,6.0,6.0,4.86,4.75,4.69,4.03,4.25,4.12,3.87,3.81,4.54,4.75,4.26,4.57
82,4.98,3.79,3.64,4.88,5.05,4.39,5.0,3.86,3.64,4.18,4.99,4.51,4.52,4.52,4.43,4.04
83,7.31,6.37,6.69,7.26,8.66,8.46,7.83,9.91,8.54,8.54,8.43,5.84,5.96,6.22,5.97,6.54
84,7.33,7.58,7.38,6.21,5.91,5.7,4.42,4.46,3.92,3.46,4.9,3.71,3.0,4.17,4.27,4.75
85,5.23,5.37,5.0,4.19,3.49,2.58,3.71,3.63,3.29,3.92,3.56,4.41,4.7,4.02,3.42,4.24
86,4.62,4.76,4.71,3.79,5.87,5.12,4.39,4.11,4.09,3.44,3.53,4.37,4.2,5.15,6.96,6.68
87,6.68,5.52,4.66,3.94,3.34,4.29,5.88,5.56,6.31,6.27,4.34,5.1,4.0,4.42,5.34,4.73
88,6.0,6.0,6.0,6.0,6.0,6.0,6.0,6.0,6.0,4.43,5.08,4.93,4.16,5.39,4.29,4.62
89,6.0,6.0,6.0,6.0,6.0,6.0,6.0,6.0,6.0,6.0,6.0,5.62,4.22,3.94,3.63,2.67
90,6.32,6.2,5.88,6.96,6.58,6.83,7.16,4.8,5.3,4.85,4.7,4.83,4.32,5.89,4.96,5.04
91,4.65,5.3,5.25,4.55,5.34,4.37,5.31,4.68,3.14,3.47,2.06,2.69,2.94,3.99,4.87,4.79
92,6.0,6.0,6.0,6.0,5.93,4.3,3.53,3.4,3.11,3.15,4.46,4.89,3.74,5.23,4.82,4.83
93,3.94,3.39,3.24,2.58,2.79,3.39,3.57,3.49,3.54,3.87,3.86,3.46,4.8,4.22,3.28,3.71
94,4.91,5.27,4.37,6.43,5.62,4.2,4.79,4.36,5.01,5.32,6.57,5.91,5.79,5.33,5.71,5.29
95,3.71,3.63,4.61,4.0,3.77,4.16,4.01,4.49,4.99,4.54,4.45,3.71,3.21,3.53,2.83,4.02
96,4.1,4.38,4.37,5.13,5.43,5.36,5.11,4.76,4.71,3.95,4.57,3.82,4.41,4.85,4.19,4.67
97,6.0,6.0,6.0,6.0,6.0,6.0,6.0,6.0,6.0,6.0,6.0,6.0,6.0,6.0,6.0,4.34
98,8.06,7.77,6.94,6.28,7.04,8.61,8.29,9.29,9.46,8.82,8.61,8.99,8.4,8.44,8.85,9.09
99,8.5,8.39,8.08,6.49,7.55,7.94,8.44,8.51,8.34,8.38,8.48,9.03,8.57,7.18,6.02,6.26
100,8.49,7.61,6.82,7.97,7.94,8.16,8.33,8.71,8.1,9.46,8.97,8.67,8.7,8.23,7.91,8.48
101,6.48,6.39,5.62,4.52,5.48,4.58,4.8,5.38,6.25,6.11,6.15,7.71,7.89,7.63,8.12,7.38
102,5.8,5.54,5.49,3.99,4.89,5.39,5.58,6.02,5.32,5.32,5.72,6.39,6.06,6.43,5.52,4.71
103,4.56,5.28,4.36,4.19,4.38,4.83,5.96,5.93,5.62,6.23,6.04,6.56,6.18,6.41,6.88,6.25
104,7.23,7.03,6.15,4.83,4.03,4.49,5.07,6.15,6.26,7.04,7.96,7.07,7.62,7.54,5.73,6.69
105,6.8,6.01,6.48,6.02,6.08,6.37,7.19,9.08,9.26,10.47,10.74,10.57,10.5,9.82,11.31,9.41
106,6.05,5.7,5.5,5.33,6.55,7.28,6.8,6.85,7.2,6.1,4.85,6.54,5.73,7.07,7.99,7.42
107,4.52,4.74,3.74,3.71,4.44,3.94,4.65,3.74,3.62,4.54,4.47,5.5,6.57,6.75,7.67,8.48
108,4.85,5.63,4.52,4.91,3.87,3.19,4.25,3.25,5.22,6.35,5.42,6.06,7.16,7.08,6.4,6.98
109,5.57,8.36,8.48,7.51,7.54,5.42,4.9,6.94,6.8,6.93,6.97,8.97,8.56,7.23,9.24,7.83
110,4.24,4.52,4.06,3.58,3.02,3.8,3.8,5.55,5.86,4.94,5.59,5.25,4.45,6.36,5.99,6.26
111,4.21,3.97,3.51,2.86,3.42,3.56,3.36,4.07,3.92,4.23,5.07,4.99,4.89,4.74,4.29,4.37
112,3.57,4.12,3.91,3.45,4.21,3.6,3.83,4.49,3.91,4.29,4.47,4.37,4.11,3.69,3.22,3.03
113,4.45,5.44,4.38,4.9,4.53,3.83,4.04,3.3,4.04,4.38,4.23,6.07,5.61,5.37,4.48,3.61
114,3.79,5.1,6.12,5.81,6.24,6.91,6.77,6.06,6.42,5.48,8.16,7.67,5.66,5.72,4.19,3.34
115,7.63,8.86,9.21,10.05,10.81,9.96,8.85,7.37,7.4,7.71,7.36,7.61,9.8,9.34,8.21,9.51
116,4.0,4.53,6.32,5.49,4.59,3.61,2.59,2.71,3.69,7.53,7.7,9.25,9.09,7.02,7.8,6.25
117,6.0,6.0,6.0,6.0,6.0,6.0,6.0,6.0,6.0,6.0,5.3,5.27,5.26,6.18,5.9,6.72
118,6.0,5.27,4.01,4.3,3.3,2.86,3.79,3.16,4.78,4.93,4.73,5.3,4.99,5.32,5.34,4.65
119,7.12,6.97,6.91,5.34,4.83,4.23,4.15,4.47,5.54,5.45,4.48,4.85,5.68,4.1,4.19,5.55
120,6.21,6.48,7.53,8.05,6.91,7.73,8.37,8.21,8.52,7.68,7.64,6.45,6.44,7.58,6.82,5.08
121,6.0,6.0,6.0,6.0,6.0,6.0,6.0,6.0,6.0,5.48,4.59,4.4,4.13,3.87,3.87,3.51
122,6.0,6.0,6.0,6.0,6.0,6.0,6.0,6.0,6.0,6.0,6.0,4.85,4.28,4.23,4.32,4.46
123,6.0,6.0,6.0,6.0,6.0,6.0,6.0,6.0,6.0,5.21,5.54,5.66,4.58,3.79,3.85,4.3
124,5.03,4.77,5.07,3.56,3.81,3.29,3.87,4.87,5.83,5.85,6.44,4.95,6.15,6.26,6.26,6.2
125,6.0,6.0,6.0,6.0,6.0,6.0,6.0,6.0,6.0,6.0,6.0,6.0,6.0,5.72,4.59,3.86
126,6.0,6.0,6.0,6.0,6.0,6.0,6.0,6.0,6.0,6.0,6.0,6.0,6.0,4.85,4.39,3.73
127,6.0,6.0,6.0,6.0,6.0,6.0,6.0,6.0,6.0,6.0,6.0,6.0,6.0,6.0,5.74,5.9
128,5.03,4.21,4.56,5.15,4.98,5.81,5.56,6.46,6.9,6.23,6.33,5.63,5.62,5.8,5.42,8.46
129,4.53,4.53,5.11,4.71,4.69,4.98,4.49,3.62,4.22,4.03,4.08,4.34,4.27,3.23,2.31,3.25
130,6.0,6.0,6.0,6.0,6.0,6.0,6.0,6.0,6.0,6.0,6.0,6.0,6.0,4.29,3.74,2.66
131,6.0,6.0,6.0,6.0,6.0,6.0,6.0,6.0,6.0,6.0,6.0,6.0,6.0,6.0,4.62,3.49
132,6.0,6.0,6.0,6.0,6.0,6.0,6.0,6.0,6.0,4.97,4.84,3.33,3.28,2.54,1.98,2.57
133,6.0,6.0,6.0,6.0,6.0,6.0,6.0,6.0,6.0,6.0,6.0,6.0,6.0,6.0,4.13,3.98
134,6.0,6.0,6.0,6.0,6.0,6.0,6.0,6.0,6.0,6.0,6.0,6.0,6.0,6.0,4.99,4.02
135,7.87,7.02,7.79,7.51,7.51,7.17,8.46,8.89,9.02,12.25,11.02,11.29,12.79,12.31,12.94,14.13
136,9.22,8.88,8.34,8.5,9.21,9.1,9.51,9.46,9.85,10.39,9.57,10.68,8.65,8.52,9.1,8.83
137,7.96,7.27,6.48,8.45,6.41,8.47,8.37,7.51,8.01,8.11,7.78,8.37,9.46,8.76,9.08,8.88
138,5.74,3.86,2.46,2.72,4.34,5.26,6.53,7.22,7.21,7.62,7.59,8.13,8.9,8.5,7.91,7.67
139,7.76,6.96,6.85,6.35,5.85,6.27,6.44,6.36,7.02,6.47,6.18,7.61,6.81,8.22,9.35,9.66
140,7.08,7.1,7.76,7.18,6.85,5.37,5.79,6.07,6.33,7.85,7.49,7.5,7.51,7.26,7.48,7.13
141,6.42,5.87,6.0,5.63,6.17,5.69,6.42,7.97,9.0,9.98,9.06,8.44,7.79,7.14,6.7,6.5
142,4.21,3.97,3.56,4.41,3.89,3.98,5.17,4.6,5.04,5.52,4.58,6.05,7.1,7.01,6.97,6.42
143,4.86,4.55,4.28,3.62,3.56,3.96,4.21,5.89,5.85,5.76,6.55,5.53,6.39,6.42,6.93,6.49
144,3.86,4.56,4.31,4.62,4.52,4.44,4.89,4.49,4.83,6.42,6.05,6.19,5.91,5.24,5.41,5.54
145,6.0,6.0,6.0,6.0,4.79,4.77,5.31,5.71,5.35,5.67,5.37,4.48,3.83,5.0,4.53,6.34
146,3.76,3.0,3.0,2.26,2.78,3.38,3.67,4.7,5.66,5.48,4.83,5.21,4.13,4.09,4.29,4.99
147,6.54,5.38,4.03,4.23,4.69,6.23,7.79,6.66,5.84,7.31,7.5,7.64,8.61,7.94,7.37,6.04
148,4.86,5.7,4.39,4.13,4.08,4.42,7.16,8.1,9.21,6.92,8.2,6.64,5.71,7.14,6.83,7.93
149,6.0,6.0,6.0,6.0,6.0,6.0,5.05,4.49,4.62,4.04,4.97,5.03,4.4,4.58,4.36,3.87
150,4.87,5.95,5.88,5.85,6.17,6.24,5.83,5.89,5.51,6.78,6.83,5.92,6.16,5.64,5.29,4.55
151,5.57,5.87,6.38,7.59,7.91,6.38,6.86,6.08,6.08,6.14,6.03,7.62,6.97,7.25,6.78,7.82
152,4.84,3.98,3.8,4.23,4.13,4.59,4.98,4.17,3.78,4.13,4.25,4.55,5.14,4.75,5.01,3.92
153,4.87,5.04,4.41,4.05,3.84,4.14,3.96,4.1,5.06,4.91,5.36,4.35,4.16,4.31,3.89,3.48
154,5.71,6.77,5.22,4.99,3.69,3.1,2.72,3.44,6.4,7.09,6.68,7.39,8.16,5.64,7.04,6.56
155,6.0,6.0,6.0,6.0,5.46,4.0,4.63,3.99,3.02,3.25,4.94,5.23,5.53,6.33,5.6,4.05
156,4.91,4.55,3.7,3.46,3.09,4.83,5.49,5.51,5.23,4.96,5.85,4.19,4.86,5.79,5.37,5.58
157,3.85,2.78,4.28,3.38,4.45,5.22,3.98,4.83,4.44,5.38,4.92,4.81,4.55,4.3,4.13,4.15
158,6.29,6.71,7.38,7.29,7.39,7.58,6.3,6.02,6.04,4.29,5.66,5.88,5.51,6.35,6.19,6.73
159,6.0,6.0,6.0,6.0,6.0,6.0,6.0,6.0,6.0,6.0,6.61,6.56,5.23,5.47,5.05,4.74
160,6.0,5.62,4.85,4.0,4.21,2.99,3.0,3.07,2.45,2.36,2.25,2.8,3.29,3.27,3.54,3.3
161,9.52,9.1,9.86,7.59,6.92,7.07,7.07,8.14,7.45,7.83,8.3,7.68,8.25,8.59,8.38,8.02
162,6.0,6.0,6.0,5.63,4.86,4.71,4.69,4.55,4.48,4.58,3.79,3.65,3.57,3.99,5.16,5.19
163,8.06,6.54,7.25,7.2,7.43,7.79,6.98,5.88,5.41,4.65,4.2,4.34,3.83,4.48,4.05,3.99
164,5.17,5.12,4.79,4.28,4.06,3.4,3.14,3.42,3.91,4.3,4.32,3.78,3.19,2.91,2.94,3.69
165,6.0,6.0,6.0,6.0,6.0,6.0,6.0,6.0,6.0,6.0,6.0,4.78,4.57,3.12,2.66,2.42
166,6.0,6.0,6.0,6.0,6.0,6.0,5.67,6.3,5.48,5.57,4.88,4.4,4.46,3.32,4.99,3.91
167,6.0,6.0,6.0,6.0,6.0,6.0,6.0,6.0,6.0,6.0,6.0,6.0,6.0,6.0,6.0,5.79
168,6.0,6.0,6.0,6.0,6.0,6.0,6.0,6.0,6.0,6.0,6.0,6.0,6.0,6.0,6.0,5.11
169,4.02,3.44,3.51,3.8,4.14,4.19,4.16,4.1,4.33,4.04,4.41,4.93,3.99,4.38,5.1,3.56
170,7.02,7.9,7.66,5.88,6.27,7.67,6.98,8.88,10.34,11.26,11.79,11.09,10.29,9.6,9.11,9.48
171,7.71,6.46,6.84,6.35,5.98,7.15,8.77,7.85,7.01,8.55,8.07,8.84,9.23,9.53,9.1,9.58
172,7.13,7.81,7.37,8.1,9.57,9.46,9.12,9.3,9.23,10.29,10.09,10.78,10.59,11.09,11.15,9.42
173,5.82,6.2,5.8,7.05,7.03,7.04,7.72,7.55,6.99,8.88,8.36,8.79,8.3,7.34,6.61,6.08
174,3.77,4.55,5.01,4.97,5.9,5.61,4.8,5.07,6.17,5.71,6.11,6.47,6.0,5.6,5.95,6.14
175,5.23,5.92,6.44,7.25,5.66,5.67,5.09,5.65,6.33,6.89,7.35,6.08,6.17,5.69,5.05,5.62
176,6.07,6.1,5.95,6.66,6.24,7.15,6.78,6.41,7.28,7.96,7.44,7.79,8.43,8.52,8.91,8.35
177,8.12,8.5,6.93,6.76,6.57,5.62,6.63,6.58,6.59,7.34,6.64,7.67,7.65,7.33,7.5,7.78
178,6.21,4.84,5.06,4.69,4.44,5.06,5.6,5.44,6.08,5.8,5.79,6.71,6.05,5.96,5.22,5.51
179,4.83,3.88,5.1,5.88,6.74,7.07,7.41,8.88,8.95,9.23,8.03,8.23,8.93,8.25,8.67,8.46
180,3.14,3.12,3.04,2.54,3.25,3.81,3.92,5.08,5.74,6.05,6.75,6.2,4.98,4.62,4.51,3.91
181,4.41,4.55,4.86,4.74,4.74,4.65,3.68,4.17,4.54,4.51,5.81,5.47,6.03,6.03,5.96,6.02
182,6.4,5.83,6.01,5.08,5.99,7.26,7.27,7.21,6.43,5.63,6.03,5.49,5.81,7.19,6.19,5.72
183,4.49,3.78,4.24,5.18,4.97,5.26,7.32,4.66,5.93,7.25,5.12,5.27,4.73,5.12,5.38,5.01
184,4.38,4.76,4.83,4.54,4.54,4.54,4.97,5.23,5.23,5.35,5.63,5.51,5.78,5.72,6.58,5.05
185,4.94,5.28,5.34,4.87,4.74,4.14,4.31,4.07,4.21,4.57,4.3,4.57,4.13,4.03,4.56,4.16
186,7.76,8.62,7.21,6.45,5.61,6.2,7.19,7.76,8.22,8.22,9.12,8.98,8.73,8.18,8.55,6.33
187,6.34,6.38,5.89,6.16,6.13,5.78,6.46,7.03,6.41,5.28,5.29,4.76,4.54,5.51,5.28,5.48
188,5.45,5.17,5.81,4.74,5.02,4.33,4.96,4.92,4.5,5.38,5.34,6.4,6.93,9.64,8.45,7.69
189,6.0,6.0,6.0,6.0,6.0,6.0,6.0,6.0,6.0,6.0,5.21,5.51,5.83,5.26,5.03,4.29
190,6.0,6.0,6.0,6.0,6.0,5.05,4.5,4.35,3.43,4.21,5.26,4.34,4.69,4.05,3.5,2.83
191,3.9,3.52,3.59,3.04,3.79,3.38,3.55,3.46,2.68,2.98,2.37,2.73,2.55,3.19,4.12,4.48
192,3.85,3.76,4.02,4.77,3.96,3.82,3.65,3.76,4.66,4.66,4.2,3.55,3.21,3.99,5.41,5.37
193,3.91,4.32,4.53,4.33,4.01,4.28,4.68,5.67,5.65,5.72,5.96,6.87,6.99,5.84,6.13,4.27
194,6.12,6.1,6.92,7.16,6.51,5.37,5.69,4.5,5.26,5.11,3.88,4.7,3.61,3.97,3.74,3.04
195,3.97,4.04,4.08,3.86,3.99,4.24,4.83,4.61,4.87,4.74,4.1,3.9,3.72,4.34,4.31,4.58
196,5.39,3.83,2.94,2.88,2.58,3.35,3.35,3.16,2.8,2.0,3.4,4.42,4.55,5.91,5.09,4.46
197,6.0,6.0,6.0,6.0,6.0,6.0,5.12,4.41,3.31,3.18,2.58,3.05,3.03,3.04,3.66,3.67
198,6.0,6.0,6.0,6.0,6.0,6.0,6.0,6.0,6.0,6.0,5.44,4.15,3.14,3.0,2.8,4.54
199,6.0,6.0,6.0,5.23,4.91,4.59,4.45,4.47,4.66,4.24,4.09,4.11,3.58,3.21,3.57,4.91
200,6.0,6.0,6.0,6.0,6.0,6.0,6.0,6.0,6.0,4.92,4.07,4.62,4.26,5.3,5.53,3.8
201,6.0,6.0,6.0,6.0,6.0,6.0,6.0,6.0,6.0,6.0,6.0,6.0,4.79,5.0,4.91,4.04
202,4.51,4.89,3.99,3.19,4.04,4.57,5.01,5.88,4.88,5.71,5.77,5.61,6.18,5.96,5.49,4.85
203,6.0,6.0,6.0,6.0,6.0,6.0,6.0,6.0,6.0,6.0,6.0,6.0,6.42,4.5,4.48,3.86
204,2.85,3.76,3.2,4.52,4.74,4.13,4.93,4.79,4.21,3.92,4.79,3.54,4.04,4.53,3.17,2.6
205,8.17,7.64,7.07,8.16,6.82,7.09,8.21,8.19,10.98,10.58,9.49,10.48,9.91,10.32,11.32,10.62
206,5.18,6.32,6.88,6.91,7.46,7.09,8.89,8.52,8.74,8.45,8.34,8.97,8.42,8.09,9.34,9.2
207,7.64,6.87,7.53,6.52,6.6,6.91,6.61,7.33,7.8,8.66,9.05,9.0,8.78,8.0,7.86,8.08
208,7.09,5.37,5.4,5.99,3.67,5.68,6.95,5.78,8.05,8.14,7.74,7.81,8.13,7.98,7.27,6.9
209,4.59,5.04,5.47,5.63,6.17,5.54,7.09,6.95,6.0,7.33,5.51,5.59,6.6,6.79,7.82,8.62
210,7.8,7.21,7.01,5.84,5.95,6.81,6.97,8.2,9.19,8.63,9.03,10.99,10.79,10.94,10.74,8.99
211,6.09,6.25,6.0,5.85,6.05,4.75,6.39,6.01,6.19,8.27,6.67,6.76,6.89,5.6,6.58,7.67
212,3.3,3.89,4.2,4.24,4.03,4.25,5.16,5.34,6.49,6.22,6.51,6.35,5.61,6.07,5.32,5.18
213,9.12,8.19,8.52,8.11,7.41,7.03,7.14,7.15,7.29,8.89,8.38,8.65,8.9,7.88,8.11,6.91
214,4.6,5.34,5.84,5.67,4.9,4.45,4.69,4.75,5.49,5.9,7.12,6.78,6.71,6.95,7.13,6.55
215,7.16,6.67,7.58,8.13,7.25,7.17,7.9,7.95,8.16,7.87,7.99,7.13,9.04,9.05,8.37,9.66
216,7.07,5.92,5.62,5.68,4.91,4.68,5.69,5.83,6.01,6.0,6.32,5.58,5.22,6.87,6.49,8.28
217,4.29,4.01,4.19,4.27,5.08,5.21,5.48,5.8,5.33,5.47,6.63,7.11,6.85,6.41,6.25,5.44
218,7.61,7.4,6.79,6.87,6.99,5.7,5.58,5.7,5.83,6.45,6.5,5.53,6.1,6.19,6.95,7.76
219,4.97,4.76,4.22,4.03,3.42,3.04,3.61,3.68,3.91,4.59,4.77,4.29,4.23,4.01,4.72,4.58
220,7.27,6.53,6.98,7.13,7.5,7.78,6.7,6.79,6.75,7.27,7.05,6.96,7.71,7.8,6.98,7.8
221,4.89,4.29,4.54,5.04,3.99,4.25,4.68,3.33,3.7,3.78,3.89,4.2,5.27,4.19,3.89,3.9
222,5.89,6.11,8.61,7.59,6.01,6.25,4.33,4.62,5.06,4.69,4.75,4.75,4.25,4.71,6.9,7.01
223,5.71,5.25,6.72,5.48,5.46,4.36,3.7,4.32,4.75,5.41,5.05,5.67,5.61,6.23,6.73,5.95
224,5.88,4.76,3.64,3.08,2.48,2.42,2.56,2.44,3.71,4.44,4.51,5.99,5.71,5.6,5.67,4.65
225,3.63,3.44,3.78,4.3,4.16,4.17,3.98,3.37,3.84,4.42,4.99,6.02,5.75,4.85,4.35,4.23
226,7.08,5.35,3.92,3.59,3.87,5.1,4.22,4.57,3.73,4.03,6.07,6.18,8.91,8.98,8.27,7.38
227,5.59,6.26,6.12,5.78,6.12,6.7,5.55,5.04,5.05,3.88,4.35,4.99,5.52,5.67,5.71,4.8
228,4.98,4.62,4.36,4.54,3.4,4.33,3.79,3.17,3.46,3.29,3.27,4.14,4.94,6.66,5.92,6.51
229,4.83,3.88,2.79,3.29,2.46,3.39,2.98,3.81,4.16,3.59,4.0,3.18,3.62,4.06,4.01,3.7
230,6.17,5.97,5.98,4.47,4.35,6.89,5.1,5.93,6.13,4.73,6.32,6.35,9.52,8.41,8.22,8.24
231,8.99,9.35,8.07,7.49,8.65,8.8,10.27,10.4,9.27,9.64,9.39,10.27,9.42,8.29,8.88,7.88
232,4.75,4.27,3.34,3.52,4.76,4.94,4.6,4.44,4.39,4.05,6.21,5.3,5.0,5.68,4.79,4.55
233,6.0,6.0,6.0,6.0,6.0,6.42,7.91,8.28,7.38,7.55,7.06,5.74,5.82,5.41,5.37,5.24
234,6.0,6.0,6.0,6.0,6.0,6.0,6.0,6.0,6.0,6.0,6.0,6.0,6.0,6.0,5.51,5.33
235,5.07,5.06,4.59,3.79,3.47,2.65,4.36,4.67,4.62,5.34,4.67,3.81,4.4,4.65,4.34,4.69
236,6.0,6.0,6.0,6.0,6.0,6.0,6.0,6.0,6.0,6.0,6.0,6.0,6.0,6.0,6.0,4.97
237,6.0,6.0,6.0,6.0,6.0,6.0,6.0,6.0,6.0,6.0,6.0,6.0,6.0,6.0,6.0,5.72
238,8.93,8.88,11.96,8.95,9.38,8.32,6.16,7.4,7.7,9.26,7.71,9.02,9.14,6.89,7.21,5.28
239,6.75,6.96,6.67,6.07,6.54,6.79,6.68,8.31,7.62,8.44,8.58,9.7,10.56,10.33,11.11,11.44
240,5.49,5.38,6.47,6.38,5.78,6.32,6.89,7.55,9.04,9.52,9.16,10.57,8.96,7.89,7.27,7.62
241,4.85,6.34,6.58,6.44,7.77,6.86,8.93,9.13,10.12,9.28,9.78,8.66,7.3,7.72,6.25,6.16
242,5.84,6.28,5.69,6.18,7.73,8.19,8.45,7.56,7.65,6.56,7.45,7.97,7.98,8.89,7.94,8.58
243,5.61,5.91,6.09,6.04,5.29,5.56,4.66,6.66,8.11,8.52,10.69,9.13,8.19,8.31,7.04,6.1
244,7.28,6.13,6.22,5.36,4.36,5.61,6.42,6.89,6.59,6.96,7.28,6.51,6.67,6.43,6.83,8.04
245,6.62,7.35,7.38,7.65,7.82,6.23,6.55,7.86,9.5,9.27,9.75,11.06,9.66,10.08,10.0,8.02
246,6.23,6.92,6.17,6.84,6.71,6.94,8.07,7.1,8.08,7.55,6.84,6.79,6.61,6.61,6.21,6.97
247,4.29,4.46,4.08,4.22,3.75,5.03,6.44,6.46,6.4,6.73,5.88,5.99,7.44,7.41,6.79,7.8
248,4.61,3.78,4.43,4.85,4.87,5.48,4.99,4.9,5.6,5.74,5.83,6.4,6.99,5.69,6.66,6.46
249,3.65,3.58,4.07,4.33,3.92,3.89,4.06,4.23,4.84,4.36,4.85,5.34,5.28,4.57,3.81,4.17
250,5.0,5.16,4.52,3.98,4.33,3.77,5.81,6.27,6.07,6.33,6.33,6.18,6.39,5.17,4.19,6.57
251,3.48,3.85,4.33,3.72,4.26,3.54,4.69,5.3,5.78,5.46,4.56,5.18,4.7,5.28,5.43,5.11
252,4.29,3.74,3.99,4.19,3.87,5.24,5.73,5.58,5.38,5.36,4.49,6.03,6.22,5.46,6.18,5.21
253,3.64,4.29,3.71,3.8,3.45,3.03,3.27,4.01,4.1,4.1,4.98,6.17,5.73,6.33,5.57,5.12
254,5.05,5.3,5.04,4.63,4.61,6.25,6.42,6.57,7.0,4.64,5.1,5.12,6.52,6.18,5.53,5.45
255,3.55,4.75,4.89,4.2,4.8,5.61,6.29,7.26,6.89,6.26,7.96,7.31,7.49,7.63,6.88,8.33
256,6.0,6.0,6.0,6.0,4.76,4.12,3.67,2.48,2.42,1.98,3.0,3.4,3.75,4.9,4.16,5.26
257,5.43,6.1,5.31,4.86,3.8,3.26,2.99,3.47,3.33,3.8,3.78,4.34,5.9,6.4,6.38,5.64
258,3.04,3.93,4.69,4.75,4.65,4.45,3.83,5.48,5.68,4.9,5.66,5.32,4.8,4.46,4.48,4.56
259,6.0,6.0,6.0,6.0,6.0,6.0,6.0,6.0,6.0,4.97,5.63,5.22,4.3,4.9,3.99,3.2
260,4.36,5.32,4.33,4.46,4.27,4.82,3.94,5.88,7.04,6.46,6.79,4.63,4.9,4.39,4.16,6.86
261,2.88,2.43,2.49,2.64,2.9,2.88,3.69,4.75,4.41,4.11,5.88,5.8,8.44,7.71,6.3,5.06
262,5.73,4.87,4.32,4.45,3.57,2.97,3.05,2.96,3.33,3.25,3.75,3.65,3.9,4.08,4.22,3.77
263,6.12,7.15,7.81,7.44,7.72,7.19,8.58,8.49,8.29,8.69,6.01,6.82,5.72,5.27,5.97,4.31
264,7.37,6.35,6.26,5.9,5.11,5.75,5.42,5.79,5.61,6.0,5.59,5.58,4.69,5.09,6.56,6.23
265,5.21,5.0,4.42,3.6,3.32,4.29,4.33,3.91,4.59,3.81,3.79,4.04,3.45,4.38,3.4,4.35
266,7.22,8.59,8.27,7.1,8.53,6.92,5.45,5.84,4.98,5.03,4.79,3.27,3.47,3.38,3.17,4.08
267,4.69,5.11,4.2,3.64,3.63,2.95,2.94,3.63,3.21,2.87,2.25,2.1,2.32,2.21,2.8,3.77
268,3.83,5.28,3.79,4.59,3.67,3.09,3.71,4.68,4.15,3.72,5.03,3.74,4.04,4.37,3.31,3.56
269,6.0,6.0,6.0,6.0,6.0,6.0,6.0,6.0,6.0,6.0,6.0,6.0,6.0,6.0,4.58,4.15
270,8.82,9.0,8.74,9.4,7.9,7.4,8.15,7.22,7.14,5.96,5.42,5.69,5.69,6.29,6.21,5.9
271,6.0,6.0,6.0,6.0,6.0,6.0,6.0,6.0,6.0,6.0,6.0,6.0,6.04,7.95,8.48,9.24
272,7.27,6.5,6.93,6.69,5.99,7.3,7.27,8.59,9.32,8.76,9.37,10.13,10.26,10.66,9.82,10.25
273,6.7,6.31,6.23,6.83,6.0,7.56,7.56,7.91,9.06,8.54,9.77,9.73,9.77,11.54,10.5,10.98
274,6.71,6.19,5.72,4.99,3.78,5.53,5.08,5.88,8.57,7.79,7.81,7.71,6.89,7.82,8.39,10.21
275,9.88,9.34,7.19,8.46,7.36,7.54,7.66,7.95,8.07,8.29,7.66,8.18,9.82,9.57,10.38,10.89
276,3.44,4.56,4.12,3.47,4.52,5.02,6.11,7.74,7.56,7.18,7.63,7.24,7.12,7.37,6.92,7.78
277,3.96,3.2,3.82,3.87,4.16,5.11,5.3,6.09,7.14,6.67,8.2,7.75,7.35,6.69,6.36,6.9
278,4.78,5.74,5.05,3.9,6.02,5.14,5.17,6.21,5.7,6.67,6.75,7.75,8.5,8.31,9.97,8.76
279,10.08,8.32,7.64,8.15,6.09,5.95,5.58,5.87,7.35,9.4,11.18,10.77,11.16,9.77,9.25,8.57
280,4.96,5.23,4.09,3.97,4.12,3.64,4.56,4.11,5.43,5.84,6.11,7.13,7.09,7.06,5.87,6.03
281,5.63,5.07,5.09,5.43,4.08,5.83,6.62,6.31,7.4,7.13,6.38,7.39,7.38,5.31,5.81,5.03
282,6.0,6.0,6.0,5.62,4.54,4.16,3.25,3.88,4.75,4.91,5.44,5.52,4.55,4.45,5.08,4.91
283,6.0,6.0,6.0,4.9,3.66,3.82,3.43,4.25,4.64,4.28,4.53,4.81,5.16,5.05,5.34,4.98
284,5.97,5.51,5.21,4.53,5.19,6.44,5.94,6.58,6.99,6.22,7.11,7.16,6.64,7.57,7.18,6.53
285,7.58,7.9,8.58,8.29,7.18,7.19,7.57,6.11,7.3,7.38,7.5,8.61,7.39,7.29,8.5,8.7
286,6.38,6.28,5.73,6.08,6.26,6.48,6.59,5.7,4.64,5.17,4.93,5.24,6.08,5.54,6.01,5.96
287,2.85,2.83,3.49,4.21,4.51,4.83,4.49,3.58,4.1,3.86,3.29,3.67,3.81,4.07,5.51,5.75
288,6.0,6.0,6.0,6.0,6.0,6.0,5.04,4.4,4.57,4.05,4.96,5.09,5.44,5.54,4.97,4.73
289,6.0,6.0,6.0,6.0,6.0,6.0,6.0,6.0,6.0,7.4,6.84,6.44,6.43,5.94,7.22,6.98
290,5.9,5.51,4.9,4.45,4.69,4.86,5.09,5.12,4.17,6.57,6.62,5.89,6.7,6.65,7.39,6.79
291,3.17,3.11,3.65,4.39,3.78,4.07,4.09,4.77,5.4,5.71,4.83,5.55,5.09,4.72,5.12,4.13
292,3.08,3.3,3.28,3.75,3.99,4.23,4.79,5.19,5.07,6.66,5.57,5.0,4.97,4.4,5.69,5.17
293,4.1,3.82,3.67,4.5,4.31,4.93,4.74,5.09,3.98,4.2,4.29,3.21,3.03,3.15,3.5,3.27
294,6.0,6.0,6.0,6.0,6.0,6.82,7.94,7.34,5.53,5.09,4.25,4.22,3.6,3.84,3.65,3.35
295,4.84,4.93,4.57,4.21,4.97,4.54,5.24,4.99,4.89,4.51,5.77,7.08,6.82,6.72,5.81,4.44
296,5.47,6.09,4.84,3.59,4.12,3.13,4.53,4.59,4.19,4.21,4.3,5.25,5.84,6.71,6.92,5.81
297,6.57,6.91,7.04,7.75,8.53,8.29,9.14,8.17,7.88,7.62,5.93,5.64,6.29,7.39,7.88,6.57
298,4.47,4.59,4.08,4.11,4.04,3.84,4.17,3.46,3.84,3.84,3.06,3.35,3.53,4.14,4.96,4.82
299,6.5,5.7,5.22,4.38,4.04,3.56,3.56,3.16,2.56,1.99,1.64,1.64,1.57,2.69,2.58,2.83
300,6.0,6.0,6.0,6.0,6.0,6.0,6.0,6.0,6.0,6.0,6.0,4.58,4.52,4.61,4.88,4.66
301,6.0,6.0,6.0,6.0,6.0,6.0,6.0,6.0,6.0,6.0,6.0,4.92,3.84,2.77,2.92,2.45
302,7.6,6.66,7.43,6.21,4.65,6.2,7.18,5.35,6.09,4.86,4.04,3.8,4.82,5.29,6.83,9.02
303,5.67,5.83,4.26,4.29,3.7,2.77,3.47,2.81,4.11,4.13,3.68,3.72,3.75,3.09,3.38,4.29
304,6.0,6.0,6.0,6.0,6.0,6.0,6.0,6.0,6.0,6.0,6.0,6.0,6.0,4.88,4.55,3.74
305,6.0,6.0,6.0,6.0,6.0,6.0,6.0,6.0,6.0,6.0,6.0,6.0,6.0,4.71,3.08,2.82
306,6.0,6.0,6.0,6.0,6.0,6.0,6.0,6.0,6.0,6.0,6.0,6.0,6.0,6.0,6.0,5.09
307,6.0,6.0,6.0,6.0,6.0,6.0,6.0,6.0,6.0,6.0,6.0,6.0,6.0,6.0,6.0,6.0
308,8.97,8.13,7.84,6.39,7.54,8.26,8.66,8.97,9.79,9.13,8.25,9.44,9.76,8.84,10.74,9.28
309,5.98,4.35,3.27,3.18,2.75,4.33,5.9,7.25,8.4,8.37,8.35,7.63,8.17,7.88,7.71,6.97
310,4.12,3.98,4.05,4.39,4.41,5.14,7.04,6.63,7.23,6.87,6.25,6.89,6.86,8.12,8.13,7.5
311,7.57,7.77,8.09,7.54,6.36,5.83,5.3,4.92,5.33,5.01,5.46,8.15,9.38,8.7,9.21,8.44
312,8.3,6.88,4.86,5.68,5.57,6.65,6.92,6.84,6.73,6.29,6.83,6.14,6.79,6.54,6.98,8.65
313,4.43,3.63,3.69,3.4,3.05,4.12,5.77,6.7,7.59,6.99,7.13,5.95,6.52,6.26,5.48,6.02
314,5.61,6.38,5.35,5.71,5.08,5.62,6.74,6.53,7.34,6.06,6.49,6.31,5.9,6.41,5.68,6.5
315,6.91,6.72,8.76,8.29,7.79,8.88,7.12,6.9,8.24,7.29,9.88,9.89,10.07,11.16,8.98,8.91
316,4.73,5.14,5.78,6.21,5.83,5.15,5.08,5.31,5.64,6.22,5.99,7.09,7.16,7.74,8.28,7.55
317,4.61,4.58,4.42,4.16,4.46,4.19,6.05,6.55,6.53,7.63,6.97,5.68,5.21,4.87,4.77,5.81
318,3.71,3.6,2.99,2.65,3.12,4.23,4.63,5.04,5.45,5.08,5.25,5.14,5.01,5.48,5.53,5.71
319,5.5,5.04,5.02,4.12,5.37,5.74,5.6,6.08,6.92,8.1,8.07,7.42,6.8,7.04,7.15,7.68
320,5.03,4.02,3.59,3.16,4.66,6.47,5.87,6.04,6.97,5.36,4.58,5.6,4.08,4.56,5.55,6.49
321,5.03,4.06,5.09,5.4,6.7,7.08,6.88,7.21,5.45,5.95,7.03,6.53,6.91,6.7,7.0,6.14
322,6.46,5.62,4.92,4.41,4.98,4.51,4.03,4.31,4.42,5.55,5.94,6.7,5.69,5.97,6.32,6.23
323,5.65,6.57,5.19,4.88,4.25,4.94,4.68,5.91,6.4,6.12,7.04,7.23,6.77,7.0,6.1,6.95
324,7.72,7.76,6.29,5.88,5.58,5.99,6.16,6.6,6.69,6.8,6.37,7.55,6.9,7.59,7.41,6.85
325,3.36,3.71,3.3,3.67,4.0,3.57,3.96,4.42,4.14,4.16,3.89,4.07,4.3,3.98,4.49,3.65
326,4.49,5.3,5.09,4.46,3.59,3.73,3.28,2.85,4.06,3.79,5.01,4.85,4.65,4.76,3.52,3.86
327,6.0,6.0,6.0,6.0,6.0,6.0,4.9,4.78,4.03,3.68,7.09,6.89,6.0,6.99,5.46,4.04
328,5.04,3.72,3.36,4.29,3.97,4.55,5.42,4.48,4.69,4.88,4.64,4.99,4.53,4.84,3.98,4.43
329,2.89,4.13,3.84,4.16,4.87,4.61,5.24,5.64,5.97,5.62,4.92,5.29,6.24,5.62,4.94,4.85
330,5.67,4.59,3.2,1.62,1.94,2.6,2.67,4.36,5.27,6.1,7.09,5.96,6.4,5.38,4.85,5.63
331,5.14,5.52,5.03,4.66,4.88,4.19,4.58,5.13,5.76,6.64,6.0,5.55,5.22,6.14,6.49,5.76
332,6.79,7.49,6.76,6.07,5.53,4.71,4.04,4.82,5.24,5.53,5.42,5.0,5.99,5.99,5.03,4.54
333,6.0,6.0,6.0,5.77,5.58,4.9,4.6,4.89,5.05,5.09,5.03,5.27,4.91,5.02,6.33,5.35
334,6.0,6.0,6.0,6.0,6.0,6.0,6.0,6.0,6.0,6.0,6.0,6.0,5.77,6.64,5.4,4.95
335,6.0,6.0,6.0,6.0,6.0,6.0,6.0,6.0,6.0,6.0,6.0,5.75,5.46,5.6,4.79,4.46
336,6.0,6.0,6.0,6.0,6.0,6.0,6.0,6.0,6.0,6.0,6.0,6.0,6.0,6.0,5.98,6.04
337,6.0,6.0,6.0,6.0,6.0,6.0,6.0,6.0,6.0,6.0,6.0,6.0,6.0,5.04,3.72,3.88
338,6.0,6.0,6.0,6.0,6.0,6.0,6.0,6.0,6.0,6.0,6.0,6.0,6.0,6.0,4.43,3.69
339,6.22,6.16,4.85,5.9,5.54,5.94,6.09,7.03,6.82,6.34,7.04,6.7,5.99,6.5,8.34,6.14
340,2.64,3.59,4.2,3.02,3.72,3.01,3.53,3.35,4.15,3.58,4.29,5.08,4.39,4.48,3.22,2.48
341,6.0,6.0,6.0,6.0,6.0,6.0,6.0,6.0,6.0,6.0,6.0,4.44,4.28,3.31,2.17,2.2
342,6.0,6.0,6.0,6.0,6.0,6.0,6.0,6.0,6.0,6.0,6.0,6.0,6.0,6.0,6.0,6.0
343,8.81,8.93,8.81,8.14,8.75,10.17,9.55,10.85,10.83,10.32,10.88,11.03,11.04,14.07,12.88,11.79
344,8.51,8.66,8.94,8.51,9.3,9.75,10.13,12.08,11.83,12.71,11.88,10.71,10.79,11.16,10.96,11.96
345,5.79,5.36,5.15,5.81,5.96,6.07,7.35,7.04,7.25,8.15,9.44,9.41,9.38,9.19,7.32,6.49
346,6.86,7.68,6.14,6.95,7.13,7.02,7.67,8.29,8.52,8.81,8.55,8.93,8.22,8.16,8.94,6.73
347,8.13,8.25,9.11,8.54,8.07,8.35,10.47,11.18,13.05,12.48,9.8,9.29,7.99,9.28,10.58,10.86
348,7.3,7.73,6.97,6.58,5.69,4.78,6.1,5.79,5.95,6.88,6.28,5.74,6.32,6.77,6.16,6.37
349,6.31,6.95,6.02,6.81,7.03,7.58,7.94,7.34,5.44,5.93,7.21,6.77,7.37,6.65,6.47,6.61
350,6.0,6.0,6.0,6.0,6.05,5.83,5.99,4.22,4.75,4.61,5.21,6.42,6.55,5.68,5.87,5.82
351,3.9,4.81,4.54,4.93,6.71,7.41,6.62,7.0,8.01,8.77,8.03,9.42,9.61,7.57,8.38,8.37
352,4.14,4.7,6.03,5.58,4.96,5.33,4.75,4.34,5.59,5.19,5.12,5.45,4.87,5.1,5.5,5.52
353,4.99,4.39,4.35,5.08,5.96,5.75,6.66,6.76,6.57,7.21,6.81,5.75,5.48,6.22,6.17,5.44
354,4.52,3.74,3.46,4.12,4.9,6.48,6.39,6.51,6.06,6.68,5.46,5.54,6.57,5.89,6.0,6.23
355,2.41,1.82,3.08,2.71,3.88,5.82,7.09,7.75,8.64,7.79,8.21,6.63,5.64,5.51,4.72,5.74
356,3.42,3.56,2.79,4.36,4.53,4.87,6.43,5.89,5.92,5.57,4.48,3.96,4.59,3.64,3.25,3.46
357,5.0,3.9,2.73,4.3,3.97,4.51,4.86,5.29,5.38,5.72,7.06,7.06,6.21,5.82,4.4,4.41
358,3.73,3.87,4.33,3.24,4.58,4.72,4.51,5.15,4.46,3.45,3.86,3.94,4.38,4.61,4.75,4.97
359,5.38,5.67,5.48,5.1,4.57,4.24,3.34,3.52,3.23,4.1,5.36,6.98,7.37,7.22,8.23,7.5
360,4.3,4.22,4.55,5.1,5.04,5.19,4.37,4.52,5.29,4.61,5.49,5.22,4.77,4.73,3.86,3.92
361,6.96,6.04,6.25,5.65,6.36,6.66,5.94,6.47,7.69,6.95,9.02,7.07,6.54,5.95,5.81,6.2
362,7.57,8.1,7.91,9.18,8.46,8.26,6.99,5.85,7.28,6.01,6.91,7.41,7.62,8.84,8.02,8.26
363,5.75,4.49,4.96,4.79,4.4,4.29,3.91,3.73,3.15,3.69,4.21,4.19,4.83,3.89,4.04,4.14
364,5.17,5.62,5.36,4.42,4.21,3.57,3.5,3.2,4.05,5.22,4.42,5.09,4.85,4.08,4.49,3.32
365,4.73,4.06,4.0,3.52,3.46,3.64,4.6,3.95,3.7,4.12,4.33,5.0,5.4,4.63,4.8,5.16
366,6.0,6.0,6.0,6.0,6.12,4.74,4.62,4.46,4.65,4.93,3.77,3.92,4.15,3.23,3.73,4.61
367,4.69,3.77,3.4,3.73,3.57,5.33,5.14,5.33,5.18,4.28,4.05,3.67,3.76,3.51,4.01,4.03
368,3.62,4.21,3.73,4.12,3.87,3.24,3.4,2.62,2.32,1.7,1.58,2.5,2.52,3.14,2.9,2.79
369,6.19,5.14,4.88,5.78,5.64,6.24,6.92,6.27,4.32,4.02,2.87,2.43,3.31,3.71,4.47,4.18
370,9.6,11.11,7.27,10.88,10.48,7.91,8.15,6.29,4.41,4.95,4.94,3.63,4.23,4.21,5.37,5.21
371,6.0,6.0,6.0,5.12,6.11,6.18,5.81,6.29,5.28,4.43,4.14,3.41,3.25,4.42,4.51,5.11
372,5.59,4.08,5.6,7.46,7.79,7.65,6.2,6.35,5.43,3.92,3.8,3.21,3.16,3.96,5.36,5.81
373,6.0,6.0,6.0,6.0,6.0,6.0,6.0,6.0,6.0,6.0,6.0,6.0,6.0,6.0,4.95,3.43
374,5.75,3.86,4.23,3.08,2.55,4.45,5.35,7.5,8.52,9.93,11.0,9.82,9.95,8.63,7.92,8.43
375,7.47,6.34,5.12,4.94,5.8,6.26,7.4,7.78,8.07,7.64,7.79,8.8,7.56,10.45,9.32,8.65
376,6.99,8.14,9.11,7.7,9.54,8.48,5.72,7.31,6.08,7.69,8.51,10.47,10.04,11.03,12.43,10.8
377,5.64,5.33,7.77,6.75,6.47,5.98,5.23,5.14,4.46,5.72,6.92,8.52,9.92,9.72,9.66,9.61
378,5.08,5.64,4.96,3.91,4.3,4.83,6.35,6.37,6.77,6.72,6.14,6.38,6.21,6.12,6.14,5.71
379,6.0,6.0,6.0,6.0,6.0,6.09,6.13,5.42,5.71,5.6,6.34,7.33,6.46,5.89,4.84,4.11
380,5.79,5.96,6.84,5.56,6.31,5.5,5.43,6.43,6.34,6.38,6.46,5.91,5.63,7.33,7.08,7.48
381,3.72,3.08,3.69,2.72,2.72,4.54,4.8,5.18,6.28,5.74,5.78,6.16,6.85,7.32,8.71,9.45
382,6.36,6.31,6.24,5.22,5.94,7.12,7.01,7.32,8.34,7.23,7.7,7.31,7.18,8.54,7.79,7.63
383,3.86,3.58,3.85,4.84,4.0,4.02,3.95,2.93,5.64,5.17,6.78,7.77,7.41,8.35,7.39,7.74
384,4.03,3.8,3.95,3.02,3.69,4.14,4.39,5.12,5.21,5.84,5.51,5.26,5.62,4.14,4.14,4.01
385,3.84,2.77,3.06,3.98,4.28,4.17,4.71,4.37,4.41,4.06,4.33,6.12,5.96,5.27,4.57,3.33
386,3.57,3.45,3.08,3.39,2.48,3.69,3.79,3.48,4.07,3.37,4.13,4.8,5.4,5.51,4.41,3.88
387,4.36,4.54,3.63,4.41,4.09,3.27,4.0,3.57,4.56,4.87,4.5,5.19,4.35,4.73,5.51,4.94
388,3.69,3.41,3.51,3.2,3.12,3.99,3.29,3.33,4.11,3.4,4.53,4.58,5.19,5.14,5.0,4.89
389,4.48,5.71,4.33,4.94,4.8,4.76,4.74,3.83,3.96,4.22,4.1,4.34,5.77,6.4,6.62,6.94
390,4.12,3.56,4.39,3.77,4.16,5.65,5.21,4.73,5.01,4.5,5.12,4.44,5.5,4.45,4.14,4.56
391,3.89,3.69,4.97,5.88,4.05,4.75,3.77,2.51,3.21,3.12,4.27,3.63,3.19,3.95,3.4,4.94
392,5.21,3.77,3.1,2.97,3.33,3.57,3.85,4.21,5.2,5.34,5.37,6.19,4.69,5.28,4.29,4.85
393,4.81,4.87,6.42,6.43,6.05,6.17,4.6,3.7,3.57,3.62,4.34,5.63,6.71,6.33,7.11,6.23
394,5.77,5.01,4.09,3.16,3.0,3.09,2.96,2.54,3.04,2.56,2.91,4.15,3.74,4.9,6.0,5.02
395,4.84,4.79,4.99,5.07,4.88,5.59,4.9,4.77,3.92,3.59,5.25,5.59,5.43,5.7,3.98,3.5
396,6.0,6.0,6.0,6.0,6.0,6.0,6.0,6.0,5.84,5.08,4.15,3.18,3.32,3.61,3.33,3.6
397,6.0,6.0,6.0,6.0,6.0,6.0,6.0,6.0,6.0,6.0,6.0,4.83,4.87,3.86,3.49,4.12
398,9.02,8.84,9.62,7.63,6.99,6.53,5.48,6.46,7.42,7.26,7.02,6.64,5.12,5.69,6.05,6.27
399,7.67,7.94,8.02,6.4,5.1,5.21,4.3,5.0,5.17,5.12,6.27,5.24,4.91,6.08,7.05,7.15
400,6.0,6.0,6.0,6.0,6.0,6.0,6.0,6.0,6.0,6.0,5.41,3.93,2.82,3.22,3.66,4.09
401,6.02,6.15,7.17,7.28,8.24,7.79,8.14,7.84,7.36,7.1,6.14,5.8,5.75,5.34,5.0,5.24
402,4.89,4.97,6.44,6.71,7.19,9.07,8.29,6.54,8.41,8.73,7.65,8.34,7.38,7.99,8.44,6.94
403,4.4,4.82,4.7,4.77,5.34,6.07,5.46,5.72,5.28,4.07,3.66,2.93,3.52,4.08,4.22,5.5
404,5.79,6.01,5.99,6.48,7.28,7.79,7.56,6.42,5.85,4.9,4.15,4.7,5.99,6.23,5.56,5.52
405,6.0,6.0,6.0,6.0,4.34,3.61,2.79,2.75,3.11,3.01,2.56,2.92,3.39,2.8,3.28,2.73
406,3.71,3.45,4.41,4.63,4.31,4.58,4.91,6.57,6.43,7.92,7.96,8.05,8.2,6.96,7.01,6.95
407,9.33,9.61,9.27,9.1,8.09,8.2,9.22,8.79,9.08,9.61,10.19,10.94,10.04,10.56,9.88,10.21
408,9.3,10.34,10.03,8.68,8.3,7.33,8.76,9.65,9.46,10.14,9.31,9.5,9.41,9.59,9.84,9.54
409,6.55,6.56,5.59,5.18,4.71,5.13,5.93,6.86,7.48,8.6,9.29,8.26,8.39,8.03,6.1,7.28
410,5.04,5.89,6.42,6.46,5.91,6.12,6.33,5.91,5.91,6.75,7.18,6.12,6.73,6.85,5.98,6.5
411,5.71,5.34,5.32,6.0,6.48,5.89,6.7,7.15,8.19,8.42,8.77,9.93,7.75,7.72,6.7,6.25
412,6.96,7.15,7.7,6.51,6.05,6.95,5.93,7.47,7.47,7.77,7.96,7.54,7.78,6.97,8.16,8.72
413,4.98,5.74,5.02,5.19,4.07,4.47,4.43,4.92,6.2,6.0,7.29,5.86,5.97,5.24,4.54,4.53
414,5.28,5.17,4.84,3.62,4.53,5.1,5.94,6.71,6.04,5.78,5.34,7.0,7.98,8.03,7.97,6.1
415,2.98,3.65,4.28,5.8,5.15,6.64,7.95,5.91,6.86,5.71,5.86,6.3,5.71,5.7,4.77,4.97
416,4.47,3.94,3.15,4.49,4.68,4.81,5.56,5.81,6.63,7.05,7.52,7.71,6.94,6.55,6.27,6.14
417,3.37,3.71,3.33,4.42,5.29,4.9,5.0,5.16,5.21,5.78,7.52,7.74,7.38,6.71,6.02,6.15
418,4.62,4.95,5.17,5.43,4.9,5.1,4.52,5.06,5.38,5.86,4.8,5.67,4.8,4.63,5.48,4.07
419,6.44,7.41,7.2,5.21,5.02,5.43,7.04,6.44,5.99,6.79,6.68,6.72,7.64,8.3,7.55,9.42
420,4.14,4.0,4.65,4.79,4.22,4.28,5.05,4.84,5.02,5.66,6.04,6.35,7.5,6.83,5.23,5.39
421,5.08,4.13,3.97,3.59,4.05,3.38,5.51,6.79,6.59,6.79,6.69,7.19,5.35,6.44,5.76,5.28
422,5.73,6.34,5.79,6.44,6.48,5.8,5.6,5.57,6.18,7.52,7.25,7.73,7.83,7.41,6.96,7.5
423,4.03,4.98,4.75,4.21,3.86,2.85,3.05,4.21,3.96,4.92,5.79,5.65,6.43,6.09,6.41,4.39
424,5.66,6.36,5.7,4.32,3.84,3.27,5.33,5.71,5.93,7.46,6.27,5.19,6.12,6.15,5.47,5.58
425,6.0,6.0,6.0,6.0,6.0,6.0,6.0,6.0,6.0,5.12,5.06,4.89,4.75,5.86,5.48,4.89
426,4.44,3.92,3.81,3.4,3.38,3.07,2.72,4.19,5.23,6.85,6.55,5.41,6.75,5.68,5.48,6.88
427,6.92,5.13,7.56,7.94,6.6,6.74,4.98,4.54,4.31,4.42,5.85,4.51,4.0,5.47,6.11,8.12
428,5.46,4.67,5.7,5.6,6.1,6.27,6.49,5.91,5.25,5.28,4.83,5.09,5.33,6.14,6.67,8.03
429,5.82,6.25,5.34,4.84,5.85,6.05,5.89,6.42,6.14,5.81,5.66,4.43,5.75,8.05,7.25,8.38
430,3.0,4.65,5.43,4.57,5.15,3.98,3.08,3.39,2.56,2.29,2.42,2.16,4.12,3.81,4.78,5.57
431,4.74,5.21,4.29,4.15,3.98,3.21,4.28,4.43,4.86,5.97,4.64,5.83,5.7,5.59,6.38,6.98
432,6.37,5.57,5.35,5.01,4.39,4.61,4.08,4.16,4.25,3.85,4.78,4.73,4.95,5.31,5.16,5.33
433,6.0,6.0,6.0,6.0,6.0,6.0,6.0,6.0,6.0,6.0,6.0,6.0,6.04,5.55,4.86,5.15
434,6.0,6.0,6.0,6.0,6.0,6.0,6.0,6.0,6.0,6.0,6.0,6.0,5.97,5.83,4.32,2.86
435,6.0,6.0,6.0,6.0,6.0,6.0,6.0,6.0,4.85,4.9,4.79,4.35,3.74,4.58,4.4,4.27
436,4.74,4.41,4.21,4.11,4.88,3.64,4.09,4.73,4.43,5.08,5.27,4.54,3.89,3.89,4.54,5.72
437,6.38,5.41,5.77,4.87,4.89,4.76,4.15,4.7,4.95,4.71,5.71,5.0,4.08,4.24,4.18,3.32
438,7.19,7.4,6.71,5.87,5.77,6.45,7.26,6.6,7.27,7.38,7.72,8.89,10.2,9.59,8.75,6.82
439,6.94,6.25,5.79,6.85,6.91,7.76,8.32,8.89,8.18,7.8,8.01,7.34,7.58,7.16,7.31,7.0
440,8.2,7.52,9.13,9.84,10.39,12.25,11.84,10.44,9.54,9.33,6.73,7.12,9.71,7.72,8.66,10.49
441,4.41,4.88,4.66,4.64,4.53,4.48,5.24,5.13,5.5,6.48,6.33,6.68,8.52,8.13,7.54,7.4
442,5.71,4.72,4.68,4.73,6.61,6.21,5.61,5.21,5.93,5.54,6.2,6.33,5.84,5.32,5.65,6.84
443,6.49,7.32,6.33,6.43,6.28,6.43,8.01,7.65,6.38,7.67,8.7,9.71,11.53,11.79,10.83,10.85
444,5.32,4.6,4.94,4.42,6.03,5.54,4.99,6.46,5.46,6.51,8.7,7.72,7.42,8.06,6.83,6.97
445,3.23,3.36,3.64,3.52,3.46,4.41,4.75,5.21,5.14,4.76,6.25,5.65,6.06,6.66,6.92,6.01
446,6.98,6.13,7.38,7.05,7.38,6.33,6.84,7.63,6.88,7.83,6.71,8.21,9.09,7.52,8.24,7.23
447,4.78,4.76,5.81,6.49,6.46,6.36,6.21,5.82,6.91,7.97,9.2,9.42,7.84,8.87,8.23,7.31
448,3.96,4.16,3.15,3.81,3.9,4.15,4.71,5.0,5.28,5.48,6.03,6.52,5.68,4.97,5.58,5.09
449,4.99,5.22,5.58,5.48,5.54,6.08,5.36,5.2,5.37,5.14,5.34,5.21,5.12,5.84,5.79,5.96
450,7.45,7.31,6.26,6.28,6.59,6.22,6.75,7.18,7.13,7.0,7.31,7.2,5.89,7.22,7.79,7.2
451,3.98,3.41,4.35,4.4,4.79,5.77,5.4,5.64,4.9,3.93,4.5,4.3,3.67,5.18,5.85,6.44
452,4.95,4.65,3.86,4.17,4.95,5.86,7.07,6.04,6.5,5.07,3.66,3.34,3.74,3.85,3.83,6.26
453,4.23,3.79,4.68,4.02,4.38,4.2,4.13,3.95,4.36,4.58,5.19,6.39,6.45,7.48,6.5,6.38
454,3.89,3.1,4.23,3.4,2.9,3.17,3.4,3.59,4.21,4.43,4.57,4.4,4.89,4.31,4.93,5.6
455,5.15,5.39,5.09,4.88,4.32,3.43,3.3,4.06,4.5,4.71,4.52,4.3,4.77,4.4,4.59,4.76
456,3.95,4.83,5.33,4.46,4.71,5.5,5.54,5.19,5.82,5.27,5.65,6.83,6.4,7.49,7.18,5.86
457,6.83,5.42,4.21,4.67,5.95,7.23,7.03,7.54,9.23,8.08,7.46,6.07,4.32,5.18,8.28,8.45
458,5.77,6.83,6.09,7.21,6.42,5.64,5.61,5.64,7.1,6.4,7.27,5.93,7.11,6.1,5.4,7.39
459,10.44,11.16,9.99,9.77,8.54,6.89,7.16,6.32,5.92,6.29,6.06,6.46,7.64,7.96,7.73,8.17
460,7.23,6.34,7.14,6.47,5.37,4.78,4.94,4.53,3.44,3.86,4.15,4.71,5.53,5.89,6.78,6.49
461,4.04,4.78,4.8,5.15,5.67,5.24,4.0,4.48,3.49,4.23,5.45,4.62,4.45,4.48,4.17,3.7
462,6.0,6.0,6.0,6.0,6.0,6.0,6.0,6.0,6.0,6.0,5.91,5.2,6.41,5.67,5.81,5.12
463,5.5,5.62,5.69,5.92,5.74,5.58,5.4,5.45,5.25,4.86,4.36,4.06,4.19,4.14,5.24,5.34
464,6.8,6.87,6.99,6.26,5.37,4.6,4.44,4.09,4.19,4.3,4.23,3.85,3.43,3.35,3.57,4.46
465,6.0,6.0,6.0,6.0,6.0,6.0,6.0,6.0,6.0,6.0,4.92,4.51,4.25,3.69,3.73,3.03
466,6.0,6.0,6.0,6.0,6.0,6.0,6.0,6.0,6.0,6.0,6.0,6.25,5.97,4.8,4.59,3.98
467,4.74,3.62,3.18,2.93,3.32,4.58,3.78,4.23,3.61,4.16,3.99,3.48,3.7,3.05,4.18,5.58
468,6.0,6.0,6.0,6.0,6.0,6.0,6.0,6.0,6.0,6.0,6.0,6.0,6.0,4.83,3.75,3.81
469,6.0,6.0,6.0,6.0,6.0,6.0,6.0,6.0,6.0,6.0,6.0,6.0,6.0,5.63,7.08,7.28
470,6.0,6.0,6.0,6.0,6.0,6.0,6.0,6.0,6.0,6.0,6.0,6.0,6.0,6.0,6.0,4.9
471,6.0,6.0,6.0,6.0,6.0,6.0,6.0,5.9,5.14,4.28,5.0,3.98,4.1,3.81,2.97,2.92
472,9.85,10.3,8.41,8.74,8.58,9.37,11.27,11.79,10.93,9.98,9.19,9.83,10.33,9.66,10.21,10.67
473,7.8,7.24,7.67,7.84,7.48,8.14,7.66,8.17,8.09,7.33,8.47,8.8,8.94,8.73,9.02,9.78
474,5.92,5.69,5.39,4.85,6.53,7.65,8.21,9.61,7.63,6.56,7.21,7.81,7.83,7.83,8.23,6.61
475,5.28,5.03,5.05,4.79,5.03,5.79,5.54,6.21,6.14,6.46,7.85,7.16,7.05,7.84,6.76,7.78
476,6.54,6.75,6.49,6.01,6.57,7.27,8.01,7.64,7.07,6.1,7.62,8.04,8.22,8.53,7.15,7.71
477,4.3,5.6,5.47,5.87,6.03,6.91,6.53,6.09,6.81,7.32,6.67,8.35,7.93,6.4,6.67,4.57
478,5.75,6.15,4.95,4.15,4.98,5.31,5.17,6.86,5.59,4.96,6.46,5.89,6.18,5.89,4.16,4.73
479,4.91,4.66,6.08,5.57,5.97,8.41,7.19,7.01,6.98,6.32,6.59,6.92,6.04,6.06,5.51,5.14
480,4.21,4.34,4.26,4.0,3.96,4.99,4.8,5.58,6.03,5.36,6.15,7.03,5.82,5.75,5.81,5.62
481,5.24,4.7,5.88,5.71,7.55,7.99,7.94,8.74,6.9,7.15,7.14,5.9,6.87,7.57,8.07,9.12
482,5.26,4.81,4.13,4.38,5.52,4.68,6.72,6.3,5.95,5.85,7.13,7.44,6.22,6.06,4.75,6.01
483,4.84,3.59,3.55,4.03,4.13,5.17,4.73,5.11,6.0,5.21,4.48,5.09,4.73,4.54,5.04,4.41
484,5.19,6.04,5.2,5.04,5.03,5.0,5.36,5.38,5.28,4.46,5.38,5.05,5.63,5.32,5.05,4.63
485,5.92,5.49,5.77,5.22,4.29,4.85,4.44,4.09,5.29,4.02,4.4,5.75,4.79,5.55,5.6,4.92
486,6.95,8.4,6.67,7.54,7.31,6.62,7.72,6.37,6.01,5.37,4.34,4.68,6.37,5.21,9.11,10.26
487,4.71,4.89,4.79,4.82,4.97,3.87,3.34,4.91,4.58,4.63,7.0,5.74,5.57,5.26,4.65,4.7
488,6.0,6.0,6.0,6.0,6.0,6.0,5.91,4.94,4.01,4.58,4.9,4.5,6.03,5.41,5.29,5.37
489,4.01,3.97,3.83,4.64,4.5,5.51,5.43,7.29,6.74,5.04,6.52,5.42,6.02,5.32,4.19,3.71
490,6.0,6.0,6.0,6.0,6.0,6.0,6.0,6.0,6.0,4.41,4.62,4.46,3.75,5.68,5.67,5.85
491,4.7,4.88,4.37,5.06,4.88,5.19,5.24,4.04,4.59,3.68,3.77,3.9,4.65,4.7,3.88,4.21
492,4.12,4.18,3.96,4.38,4.2,3.91,3.49,3.21,3.15,2.68,3.19,3.22,3.0,5.08,5.48,5.9
493,6.92,7.99,9.08,7.78,7.78,7.67,7.59,7.18,7.97,7.37,6.96,6.89,7.92,8.67,8.42,7.7
494,9.29,9.42,8.16,7.6,8.29,9.02,9.04,8.62,8.61,8.39,7.55,8.46,7.85,6.56,8.2,8.02
495,5.51,5.3,5.09,6.1,4.72,5.03,5.76,6.26,6.53,7.54,6.86,6.89,6.62,6.93,7.55,7.72
496,8.3,9.5,9.6,7.49,7.82,7.44,5.57,6.65,6.84,7.02,8.15,9.46,9.05,7.76,8.18,9.17
497,4.56,3.75,4.13,4.3,4.0,4.65,5.24,4.46,4.63,4.38,4.97,5.03,3.85,4.25,3.1,2.04
498,6.0,6.0,6.0,6.0,6.0,6.0,6.0,6.0,6.0,6.0,6.0,5.98,5.29,4.49,3.92,2.85
499,3.79,3.31,3.42,3.09,2.34,2.81,3.62,3.75,4.37,5.08,4.38,5.73,5.32,4.84,5.3,4.57
500,4.5,5.51,5.62,5.24,5.54,4.17,3.21,3.13,2.15,2.56,4.12,4.12,4.14,4.33,2.89,5.0
501,5.26,5.17,4.45,5.1,4.82,4.54,3.99,4.36,4.2,4.6,4.12,4.38,5.41,4.45,5.06,4.36
502,7.91,8.79,5.79,6.61,6.45,4.73,4.84,4.22,3.83,3.77,3.83,3.06,3.47,3.79,3.93,4.89
503,6.0,6.0,6.0,6.0,6.0,6.0,6.0,6.0,5.02,3.57,4.2,3.72,4.12,4.25,4.14,4.23
504,6.0,6.0,6.0,6.0,6.0,6.0,6.0,6.0,6.0,6.0,6.0,6.0,6.0,5.51,4.97,4.92
505,4.61,4.11,3.6,3.42,3.4,3.66,3.61,3.71,3.65,3.0,3.16,3.03,3.3,3.45,3.72,3.75
506,6.0,6.0,6.0,6.0,6.0,6.0,6.0,6.0,6.0,6.0,6.0,6.0,6.0,6.0,4.93,4.22
507,8.83,8.3,8.14,7.61,7.6,8.01,8.46,8.64,9.06,8.98,8.17,8.66,7.9,7.66,8.1,7.76
508,8.17,6.97,9.04,9.34,9.2,9.79,9.89,11.06,9.46,10.38,9.17,9.21,8.86,8.74,9.9,9.48
509,5.66,5.65,5.9,5.6,7.85,7.56,9.06,9.88,8.38,9.92,8.7,9.7,9.96,9.74,9.86,9.12
510,7.21,6.76,8.15,8.07,7.02,8.24,8.21,8.04,8.53,10.35,9.43,9.21,8.64,7.89,8.46,7.49
511,7.44,7.24,6.89,7.2,6.81,7.13,7.71,7.14,7.29,7.24,6.8,7.45,6.81,8.16,7.69,7.0
512,4.27,5.76,5.61,5.55,6.03,5.97,6.93,7.27,6.58,7.39,8.41,7.46,6.96,8.21,7.18,6.5
513,6.0,6.0,4.67,3.76,4.3,5.43,6.92,8.06,7.05,7.86,7.06,6.03,6.6,6.0,5.43,4.88
514,4.38,4.63,4.47,4.58,4.19,4.24,4.06,4.05,4.47,4.3,4.58,5.5,5.68,5.78,6.88,6.94
515,7.63,6.12,5.9,4.28,3.14,4.11,6.08,7.19,8.54,9.22,8.06,9.2,9.23,9.39,8.53,8.72
516,5.04,4.36,5.09,6.11,6.35,6.3,7.84,6.9,6.6,6.35,5.63,6.46,6.52,7.09,8.17,7.5
517,3.64,3.56,5.15,5.3,5.32,6.32,6.76,5.69,6.27,5.8,5.14,5.19,5.28,5.92,5.67,5.33
518,3.98,3.79,4.87,5.93,6.09,5.44,6.47,6.4,5.94,5.95,5.6,5.72,6.32,6.38,5.9,5.76
519,4.38,4.14,4.73,3.92,3.79,4.11,4.84,4.88,5.24,5.23,4.92,5.45,5.39,6.05,5.72,5.96
520,8.52,6.75,7.27,6.6,5.77,5.88,6.67,7.86,7.47,6.64,6.06,4.31,6.06,6.98,9.19,9.57
521,5.89,5.75,5.17,5.06,4.71,4.87,5.38,5.68,5.62,4.46,3.78,3.84,4.14,4.32,4.5,5.36
522,6.07,6.37,7.68,7.9,6.34,5.75,4.43,3.82,5.11,5.96,6.83,7.25,7.1,6.84,6.09,6.15
523,3.2,3.44,3.22,3.37,4.57,4.83,7.49,6.8,5.28,5.46,3.4,3.43,4.32,3.38,4.09,3.69
524,6.0,6.0,6.0,6.0,6.0,6.0,6.0,6.0,8.0,8.18,7.76,7.86,6.43,5.33,4.9,4.12
525,5.87,7.42,8.7,7.15,6.8,8.95,8.09,9.81,9.46,8.37,10.08,7.19,7.39,10.09,8.85,9.29
526,6.0,6.0,6.0,6.0,6.0,6.0,6.0,6.0,6.0,6.0,5.27,6.09,5.2,5.06,4.88,3.83
527,5.29,4.91,3.5,3.27,3.53,3.98,5.33,5.03,6.97,6.44,5.43,6.38,5.37,4.47,5.48,5.8
528,3.05,5.47,6.17,5.51,6.68,5.41,5.41,4.86,5.24,4.46,4.25,4.47,4.07,3.59,3.95,3.66
529,6.04,4.55,4.65,3.74,3.83,4.12,3.81,3.82,3.48,4.0,4.43,6.33,5.44,6.92,5.38,4.12
530,6.63,5.83,4.77,4.05,3.72,4.33,4.1,4.3,3.7,3.59,4.64,4.68,5.31,7.25,7.72,6.63
531,6.0,6.0,6.0,6.0,6.0,6.0,6.0,6.0,6.0,6.0,6.68,6.82,6.58,5.16,3.54,3.65
532,4.28,4.19,3.92,3.84,4.86,4.11,3.56,4.12,4.27,3.39,4.12,3.7,3.16,4.88,4.32,4.33
533,6.93,6.25,4.98,3.74,4.48,4.88,5.27,6.0,5.93,5.53,4.83,5.05,6.23,5.55,5.74,6.45
534,6.0,6.0,6.0,6.0,6.0,5.16,4.56,3.71,3.71,4.16,4.08,4.92,5.41,5.52,4.87,4.16
535,4.13,3.69,4.22,4.01,3.07,3.22,3.74,4.68,4.91,4.16,4.32,3.53,3.5,4.93,4.46,4.59
536,4.03,4.24,5.02,5.13,5.3,5.24,4.55,4.66,4.19,4.78,4.43,4.44,4.75,3.77,4.46,4.58
537,4.99,4.64,4.65,4.8,5.0,5.3,5.25,4.35,3.15,2.52,2.89,2.27,3.35,3.66,3.64,3.92
538,6.0,6.0,6.0,6.0,6.0,6.0,6.0,6.0,6.0,6.0,6.0,6.0,6.0,6.0,4.53,5.27
539,4.92,4.75,6.24,6.19,5.86,6.01,5.59,5.78,6.37,5.36,5.48,6.27,4.82,4.99,5.13,3.69
540,6.0,6.0,6.0,6.0,6.0,6.0,4.71,4.3,3.59,3.51,3.74,4.45,3.83,3.6,3.88,2.56
541,6.0,6.0,6.0,6.0,6.0,6.0,6.0,6.0,6.0,6.0,6.0,6.0,6.0,5.14,4.51,3.4
542,6.45,7.19,6.53,6.86,5.31,5.12,6.64,5.77,5.33,6.39,4.56,3.83,4.12,3.12,3.64,4.24
543,6.51,7.71,7.98,7.58,7.69,6.72,8.13,7.64,9.42,9.93,9.72,11.25,10.24,9.4,8.94,9.14
544,6.12,6.71,6.91,5.98,8.79,9.5,9.95,9.54,10.49,8.47,8.69,10.14,8.46,8.29,10.3,10.82
545,4.74,5.1,6.04,5.51,6.65,6.63,8.07,7.86,9.57,9.14,8.91,9.67,8.41,8.77,8.16,8.15
546,7.08,5.72,6.41,9.08,7.3,6.96,8.53,8.0,8.98,9.26,9.41,7.8,9.88,10.27,10.59,11.35
547,6.55,5.92,5.27,5.27,4.66,5.0,4.96,5.66,6.05,6.23,5.66,5.89,6.8,6.23,5.82,5.95
548,5.03,4.51,3.57,3.78,4.08,4.61,5.36,5.71,6.51,5.09,5.57,5.47,5.6,5.86,6.45,6.47
549,3.57,3.71,5.05,4.46,5.22,4.88,5.54,5.82,5.22,5.17,4.28,4.67,4.36,4.39,5.48,5.06
550,5.49,5.16,5.33,6.1,6.3,6.5,6.84,6.53,5.49,4.91,5.97,5.09,6.67,7.18,6.37,6.66
551,7.31,8.56,7.61,7.92,7.79,8.21,7.64,7.71,7.97,7.41,8.0,7.92,8.07,8.47,9.5,9.59
552,4.86,5.01,3.9,3.47,4.58,4.11,4.91,5.29,4.72,4.4,4.21,3.9,4.2,4.09,4.5,4.56
553,6.65,6.83,6.22,6.98,7.63,7.9,9.03,7.57,9.22,8.38,8.96,10.25,10.62,9.87,7.6,6.9
554,4.64,4.41,4.81,5.04,5.0,4.78,5.5,5.58,6.11,6.33,7.52,8.0,8.11,7.99,7.65,7.75
555,5.81,5.83,5.04,6.28,5.91,5.81,5.98,6.06,6.17,6.39,6.97,6.56,6.63,8.2,6.46,6.48
556,5.17,5.38,5.02,6.21,5.08,4.36,5.64,6.03,6.15,7.04,6.67,5.24,5.2,5.02,5.33,6.16
557,3.66,4.49,4.29,4.05,4.56,3.5,3.27,4.63,4.64,5.68,5.97,6.8,7.01,6.53,5.53,4.6
558,3.5,3.43,4.13,5.38,6.19,8.28,7.62,7.79,8.46,9.48,8.96,7.64,6.87,6.53,6.69,5.66
559,5.37,5.28,5.98,7.03,5.79,6.11,5.14,4.38,5.38,5.51,5.27,6.32,6.96,7.45,6.46,7.04
560,7.23,6.11,6.09,5.92,5.4,4.88,6.32,6.37,6.57,6.86,5.68,6.8,6.25,5.99,6.61,7.4
561,5.52,4.48,5.01,5.01,4.46,3.92,4.08,3.11,3.6,3.12,5.23,5.23,6.45,6.38,5.97,5.94
562,3.71,3.52,3.42,3.38,3.39,3.17,2.25,2.69,3.09,5.16,5.55,6.23,6.44,6.51,6.3,5.04
563,8.82,6.11,5.56,5.15,3.31,5.11,5.12,7.0,8.8,8.21,6.97,6.95,6.41,6.3,6.53,6.64
564,3.96,3.66,3.75,2.94,2.26,2.36,1.86,2.37,3.07,3.31,3.03,3.16,3.16,4.3,4.56,5.55
565,4.67,3.93,3.41,3.12,2.61,2.68,3.02,4.05,3.37,2.76,2.95,4.39,5.31,5.3,4.83,4.58
566,3.62,5.86,4.03,5.18,7.91,6.69,7.87,8.05,7.17,7.13,6.34,6.6,5.87,4.57,4.57,7.08
567,6.0,6.0,6.0,6.0,6.0,6.0,5.32,4.97,4.03,3.03,2.65,3.06,3.42,3.46,4.4,5.0
568,3.65,4.0,3.64,3.55,3.14,3.32,4.36,3.9,4.08,4.1,3.84,3.76,6.42,5.73,5.06,5.44
569,6.0,6.0,6.0,6.0,6.0,6.0,6.0,6.0,6.0,6.0,6.0,4.21,4.79,3.81,3.06,4.63
570,11.67,11.06,10.32,9.86,7.39,7.82,6.8,6.27,7.66,6.69,7.2,7.39,7.56,8.09,7.35,7.67
571,6.0,6.0,6.0,6.0,6.0,6.0,6.0,6.0,4.83,4.55,3.62,3.95,3.78,4.12,3.73,2.71
572,10.22,11.01,10.07,10.19,9.96,8.06,8.07,7.52,7.46,7.21,7.76,7.45,7.9,7.51,6.81,8.27
573,4.73,4.38,4.29,3.86,3.61,3.37,4.0,2.99,4.38,5.08,4.48,4.6,3.54,2.32,2.88,3.05
574,6.0,6.0,6.0,6.0,6.0,6.0,6.0,6.0,6.0,6.0,6.0,6.0,6.0,6.0,4.51,5.13
575,6.0,6.0,6.0,6.0,6.0,6.0,6.0,6.0,6.0,6.0,6.0,6.0,6.0,6.0,6.0,5.48
576,6.0,6.0,6.0,6.0,6.0,6.0,6.0,6.0,6.0,6.0,6.0,6.0,6.0,6.0,6.0,4.95
577,6.0,6.0,6.0,5.63,5.09,5.43,4.88,4.39,3.52,2.86,3.09,2.86,2.87,3.52,3.29,2.65
578,8.2,7.93,7.32,7.04,7.92,9.45,10.15,11.17,11.44,12.07,11.3,11.01,10.72,11.01,11.37,11.15
579,9.82,10.1,9.69,8.82,9.45,10.38,9.64,9.59,11.47,10.64,10.22,12.3,11.66,12.94,12.8,12.85
580,7.47,7.59,8.34,8.03,8.8,9.21,9.52,9.33,9.58,10.92,10.0,10.74,10.64,10.84,9.52,9.55
581,5.11,4.6,4.22,4.02,4.57,5.52,7.04,6.9,8.54,8.85,8.77,9.09,8.15,9.51,9.73,8.74
582,8.5,7.66,6.36,6.74,8.8,8.21,8.53,8.45,7.14,6.63,7.39,6.25,7.18,8.11,7.73,7.19
583,5.81,6.5,7.37,7.32,8.28,8.45,8.01,8.31,5.79,6.0,6.85,6.55,7.54,7.78,7.67,7.17
584,9.68,8.99,7.81,8.1,7.66,6.89,6.76,6.61,8.43,9.27,10.15,11.34,10.06,9.64,8.77,6.67
585,8.74,8.76,7.18,9.07,8.19,8.43,8.48,6.57,6.61,7.04,6.96,7.18,7.53,7.69,8.15,8.75
586,6.72,6.4,5.77,5.73,5.84,6.32,6.4,5.94,6.0,5.59,4.96,5.96,5.84,5.46,5.39,5.84
587,7.19,7.04,7.02,6.33,5.88,5.89,6.86,7.15,6.49,6.86,7.55,8.28,9.96,9.89,11.52,11.07
588,3.77,4.1,3.77,3.47,4.93,5.02,5.6,6.14,6.28,6.06,6.47,6.52,5.42,5.86,4.68,4.25
589,5.71,5.07,4.5,4.05,5.67,6.61,7.93,8.83,8.69,8.75,8.46,7.64,8.88,10.07,9.24,9.75
590,6.74,7.11,6.41,5.85,4.9,4.67,5.37,6.59,6.74,6.83,6.25,5.21,5.17,5.02,5.19,5.05
591,6.05,4.93,4.79,5.35,4.62,4.94,5.32,4.3,5.24,5.21,5.06,5.54,5.88,5.54,4.71,5.87
592,5.3,4.32,4.87,4.76,3.86,4.63,4.53,4.81,5.51,5.65,5.45,5.39,5.56,5.42,6.69,6.61
593,3.16,3.4,3.97,4.37,5.38,6.08,11.41,9.98,9.0,9.43,5.94,8.5,8.13,7.55,7.38,5.71
594,6.0,6.0,6.0,6.0,6.0,5.42,4.29,4.73,3.38,4.04,4.56,4.32,5.51,4.66,3.45,4.07
595,4.83,5.44,5.22,6.19,5.33,5.32,5.33,4.45,4.35,4.37,3.17,3.26,4.46,5.16,4.8,4.36
596,5.3,5.81,5.3,5.2,5.27,5.96,7.59,6.9,7.65,6.81,7.5,9.65,8.04,7.37,7.71,6.38
597,6.0,6.0,6.0,6.0,6.0,6.0,5.21,4.65,4.24,3.51,3.86,4.34,4.24,4.84,3.95,3.47
598,3.89,4.57,3.82,3.51,3.53,3.94,3.79,3.08,3.23,2.78,3.97,4.28,4.77,4.74,4.79,4.58
599,3.0,3.38,3.28,3.64,4.05,3.73,3.82,3.59,2.85,3.12,3.44,3.77,5.66,5.14,5.89,5.23
600,9.97,8.19,6.51,5.39,4.01,3.81,3.91,4.97,4.22,5.67,5.07,4.3,5.4,4.95,4.73,4.02
601,4.46,4.16,5.92,4.36,5.21,5.5,3.82,4.02,3.64,4.27,4.32,4.45,4.25,4.45,5.28,4.53
602,4.69,3.32,3.62,4.1,4.2,5.14,4.36,3.29,4.02,2.87,2.9,3.21,2.67,2.98,4.32,5.26
603,5.44,4.57,4.4,4.91,5.51,5.21,4.71,4.5,3.44,3.51,4.09,5.0,5.25,4.77,3.76,2.89
604,6.0,6.0,6.0,6.0,6.0,6.0,6.0,6.0,6.0,5.93,4.36,3.58,4.9,5.54,5.44,6.53
605,6.0,6.0,6.0,6.0,6.0,6.0,6.0,6.0,6.0,6.0,6.0,5.51,5.32,5.36,5.76,4.72
606,4.84,4.78,4.26,3.97,3.4,3.98,4.16,3.87,4.67,5.52,5.53,5.63,4.21,4.48,4.2,2.98
607,5.04,4.39,5.41,5.25,5.78,5.23,5.28,4.75,6.33,5.21,5.12,5.42,3.76,4.14,3.75,4.32
608,6.0,5.44,4.45,4.19,3.35,2.62,2.56,2.55,2.79,2.76,3.54,3.08,3.81,4.48,4.33,3.98
609,6.0,6.0,6.0,6.0,6.0,6.0,6.0,6.0,6.0,6.0,6.0,6.0,6.0,6.0,6.0,5.12
610,6.0,6.0,6.0,6.0,6.0,6.0,6.0,6.0,6.0,6.0,6.0,6.0,6.0,5.37,5.11,4.35
611,6.0,6.0,6.0,6.0,6.0,6.0,6.0,5.9,5.73,4.79,5.04,4.46,3.68,3.74,2.57,1.94
612,6.81,5.38,4.17,5.47,5.98,4.93,6.72,5.33,5.16,6.57,6.06,7.38,6.11,5.88,4.04,3.43
613,6.99,7.16,7.26,6.28,5.14,5.26,5.37,6.29,5.83,6.05,6.25,6.02,6.64,6.18,5.02,4.49
614,6.0,6.0,6.0,6.0,6.0,6.0,6.0,6.0,6.0,6.0,6.0,6.0,6.0,6.0,6.0,6.0
615,6.0,6.0,6.0,6.0,6.0,6.0,6.0,6.0,6.0,6.0,6.0,6.0,6.0,4.85,5.38,4.58
